id,archetype,quantity,image_src,set_code,card_number,lorcanaapi_set,Unique_ID
1,Lorcana Amethyst Emerald Bounce analysis _ inkDecks.com.html,4,/img/cards/lorcana/ROTF/46-204-en-2_1468x2048.webp,ROTF,46,ROF,ROF-046
2,Lorcana Amethyst Emerald Bounce analysis _ inkDecks.com.html,4,/img/cards/lorcana/ROTF/51-204-en-2_1468x2048.webp,ROTF,51,ROF,ROF-051
3,Lorcana Amethyst Emerald Bounce analysis _ inkDecks.com.html,4,/img/cards/lorcana/ITI/90-204-en-3_1468x2048.webp,ITI,90,INK,INK-090
4,Lorcana Amethyst Emerald Bounce analysis _ inkDecks.com.html,4,/img/cards/lorcana/ROTF/49-204-en-2_1468x2048.webp,ROTF,49,ROF,ROF-049
5,Lorcana Amethyst Emerald Bounce analysis _ inkDecks.com.html,4,/img/cards/lorcana/ROTF/52-204-en-2_1468x2048.webp,ROTF,52,ROF,ROF-052
6,Lorcana Amethyst Emerald Bounce analysis _ inkDecks.com.html,4,/img/cards/lorcana/TFC/64-204-en-1_1468x2048.webp,TFC,64,TFC,TFC-064
7,Lorcana Amethyst Emerald Bounce analysis _ inkDecks.com.html,4,/img/cards/lorcana/ITI/70-204-en-3_1468x2048.webp,ITI,70,INK,INK-070
8,Lorcana Amethyst Emerald Bounce analysis _ inkDecks.com.html,4,/img/cards/lorcana/ROTF/50-204-en-2_1468x2048.webp,ROTF,50,ROF,ROF-050
9,Lorcana Amethyst Emerald Bounce analysis _ inkDecks.com.html,3,/img/cards/lorcana/ITI/77-204-en-3_1468x2048.webp,ITI,77,INK,INK-077
10,Lorcana Amethyst Emerald Bounce analysis _ inkDecks.com.html,2,/img/cards/lorcana/SHM/48-204-en-5_1468x2048.webp,SHM,48,SSK,SSK-048
11,Lorcana Amethyst Emerald Bounce analysis _ inkDecks.com.html,2,/img/cards/lorcana/ITI/36-204-en-3_1468x2048.webp,ITI,36,INK,INK-036
12,Lorcana Amethyst Emerald Bounce analysis _ inkDecks.com.html,2,/img/cards/lorcana/TFC/74-204-en-1_1468x2048.webp,TFC,74,TFC,TFC-074
13,Lorcana Amethyst Emerald Bounce analysis _ inkDecks.com.html,2,/img/cards/lorcana/ITI/67-204-en-3_1468x2048.webp,ITI,67,INK,INK-067
14,Lorcana Amethyst Emerald Bounce analysis _ inkDecks.com.html,2,/img/cards/lorcana/SHM/80-204-en-5_1468x2048.webp,SHM,80,SSK,SSK-080
15,Lorcana Amethyst Emerald Bounce analysis _ inkDecks.com.html,2,/img/cards/lorcana/ITI/91-204-en-3_1468x2048.webp,ITI,91,INK,INK-091
16,Lorcana Amethyst Emerald Bounce analysis _ inkDecks.com.html,2,/img/cards/lorcana/SHM/86-204-en-5_1468x2048.webp,SHM,86,SSK,SSK-086
17,Lorcana Amethyst Emerald Bounce analysis _ inkDecks.com.html,2,/img/cards/lorcana/URSU/58-204-en-4_1468x2048.webp,URSU,58,URS,URS-058
18,Lorcana Amethyst Emerald Bounce analysis _ inkDecks.com.html,2,/img/cards/lorcana/ITI/54-204-en-3_1468x2048.webp,ITI,54,INK,INK-054
19,Lorcana Amethyst Emerald Bounce analysis _ inkDecks.com.html,2,/img/cards/lorcana/SEA/53-204-en-6_1468x2048.webp,SEA,53,AZS,AZS-053
20,Lorcana Amethyst Emerald Bounce analysis _ inkDecks.com.html,2,/img/cards/lorcana/SEA/73-204-en-6_1468x2048.webp,SEA,73,AZS,AZS-073
21,Lorcana Amethyst Emerald Bounce analysis _ inkDecks.com.html,2,/img/cards/lorcana/TFC/95-204-en-1_1468x2048.webp,TFC,95,TFC,TFC-095
22,Lorcana Amethyst Emerald Bounce analysis _ inkDecks.com.html,2,/img/cards/lorcana/SHM/84-204-en-5_1468x2048.webp,SHM,84,SSK,SSK-084
23,Lorcana Amethyst Emerald Bounce analysis _ inkDecks.com.html,1,/img/cards/lorcana/SEA/49-204-en-6_1468x2048.webp,SEA,49,AZS,AZS-049
24,Lorcana Amethyst Emerald Bounce analysis _ inkDecks.com.html,1,/img/cards/lorcana/URSU/84-204-en-4_1468x2048.webp,URSU,84,URS,URS-084
25,Lorcana Amethyst Emerald Bounce analysis _ inkDecks.com.html,1,/img/cards/lorcana/ITI/78-204-en-3_1468x2048.webp,ITI,78,INK,INK-078
26,Lorcana Amethyst Emerald Bounce analysis _ inkDecks.com.html,1,/img/cards/lorcana/SEA/40-204-en-6_1468x2048.webp,SEA,40,AZS,AZS-040
27,Lorcana Amethyst Emerald Bounce analysis _ inkDecks.com.html,1,/img/cards/lorcana/ITI/86-204-en-3_1468x2048.webp,ITI,86,INK,INK-086
28,Lorcana Amethyst Emerald Bounce analysis _ inkDecks.com.html,1,/img/cards/lorcana/TFC/49-204-en-1_1468x2048.webp,TFC,49,TFC,TFC-049
29,Lorcana Amethyst Emerald Bounce analysis _ inkDecks.com.html,1,/img/cards/lorcana/SHM/96-204-en-5_1468x2048.webp,SHM,96,SSK,SSK-096
30,Lorcana Amethyst Emerald Bounce analysis _ inkDecks.com.html,1,/img/cards/lorcana/URSU/36-204-en-4_1468x2048.webp,URSU,36,URS,URS-036
31,Lorcana Sapphire Steel Items analysis _ inkDecks.com.html,4,/img/cards/lorcana/ROTF/169-204-en-2_1468x2048.webp,ROTF,169,ROF,ROF-169
32,Lorcana Sapphire Steel Items analysis _ inkDecks.com.html,4,/img/cards/lorcana/ROTF/149-204-en-2_1468x2048.webp,ROTF,149,ROF,ROF-149
33,Lorcana Sapphire Steel Items analysis _ inkDecks.com.html,4,/img/cards/lorcana/TFC/168-204-en-1_1468x2048.webp,TFC,168,TFC,TFC-168
34,Lorcana Sapphire Steel Items analysis _ inkDecks.com.html,4,/img/cards/lorcana/TFC/216-204-en-1_1468x2048.webp,TFC,193,TFC,TFC-193
35,Lorcana Sapphire Steel Items analysis _ inkDecks.com.html,4,/img/cards/lorcana/ROTF/142-204-en-2_1468x2048.webp,ROTF,142,ROF,ROF-142
36,Lorcana Sapphire Steel Items analysis _ inkDecks.com.html,4,/img/cards/lorcana/TFC/195-204-en-1_1468x2048.webp,TFC,195,TFC,TFC-195
37,Lorcana Sapphire Steel Items analysis _ inkDecks.com.html,4,/img/cards/lorcana/ITI/184-204-en-3_1468x2048.webp,ITI,184,INK,INK-184
38,Lorcana Sapphire Steel Items analysis _ inkDecks.com.html,3,/img/cards/lorcana/TFC/198-204-en-1_1468x2048.webp,TFC,198,TFC,TFC-198
39,Lorcana Sapphire Steel Items analysis _ inkDecks.com.html,3,/img/cards/lorcana/URSU/200-204-en-4_1468x2048.webp,URSU,200,URS,URS-200
40,Lorcana Sapphire Steel Items analysis _ inkDecks.com.html,3,/img/cards/lorcana/TFC/159-204-en-1_1468x2048.webp,TFC,159,TFC,TFC-159
41,Lorcana Sapphire Steel Items analysis _ inkDecks.com.html,2,/img/cards/lorcana/TFC/8-p1-en-1_1468x2048.webp,TFC,8,TFC,TFC-008
42,Lorcana Sapphire Steel Items analysis _ inkDecks.com.html,2,/img/cards/lorcana/TFC/2-c1-en-1_1468x2048.webp,TFC,2,TFC,TFC-002
43,Lorcana Sapphire Steel Items analysis _ inkDecks.com.html,2,/img/cards/lorcana/ROTF/173-204-en-2_1468x2048.webp,ROTF,173,ROF,ROF-173
44,Lorcana Sapphire Steel Items analysis _ inkDecks.com.html,2,/img/cards/lorcana/ITI/165-204-en-3_1468x2048.webp,ITI,165,INK,INK-165
45,Lorcana Sapphire Steel Items analysis _ inkDecks.com.html,2,/img/cards/lorcana/ITI/222-204-en-3_1468x2048.webp,ITI,195,INK,INK-195
46,Lorcana Sapphire Steel Items analysis _ inkDecks.com.html,2,/img/cards/lorcana/TFC/214-204-en-1_1468x2048.webp,TFC,142,TFC,TFC-142
47,Lorcana Sapphire Steel Items analysis _ inkDecks.com.html,2,/img/cards/lorcana/TFC/7-p1-en-1_1468x2048.webp,TFC,7,TFC,TFC-007
48,Lorcana Sapphire Steel Items analysis _ inkDecks.com.html,1,/img/cards/lorcana/ITI/196-204-en-3_1468x2048.webp,ITI,196,INK,INK-196
49,Lorcana Sapphire Steel Items analysis _ inkDecks.com.html,1,/img/cards/lorcana/URSU/139-204-en-4_1468x2048.webp,URSU,139,URS,URS-139
50,Lorcana Sapphire Steel Items analysis _ inkDecks.com.html,1,/img/cards/lorcana/ITI/198-204-en-3_1468x2048.webp,ITI,198,INK,INK-198
51,Lorcana Sapphire Steel Items analysis _ inkDecks.com.html,1,/img/cards/lorcana/TFC/161-204-en-1_1468x2048.webp,TFC,161,TFC,TFC-161
52,Lorcana Sapphire Steel Items analysis _ inkDecks.com.html,1,/img/cards/lorcana/TFC/197-204-en-1_1468x2048.webp,TFC,197,TFC,TFC-197
53,Lorcana Sapphire Steel Items analysis _ inkDecks.com.html,1,/img/cards/lorcana/TFC/147-204-en-1_1468x2048.webp,TFC,147,TFC,TFC-147
54,Lorcana Sapphire Steel Items analysis _ inkDecks.com.html,1,/img/cards/lorcana/TFC/164-204-en-1_1468x2048.webp,TFC,164,TFC,TFC-164
55,Lorcana Sapphire Steel Items analysis _ inkDecks.com.html,1,/img/cards/lorcana/ROTF/147-204-en-2_1468x2048.webp,ROTF,147,ROF,ROF-147
56,Lorcana Sapphire Steel Items analysis _ inkDecks.com.html,1,/img/cards/lorcana/TFC/200-204-en-1_1468x2048.webp,TFC,200,TFC,TFC-200
57,Lorcana Sapphire Steel Items analysis _ inkDecks.com.html,1,/img/cards/lorcana/ITI/169-204-en-3_1468x2048.webp,ITI,169,INK,INK-169
58,Lorcana Sapphire Steel Items analysis _ inkDecks.com.html,1,/img/cards/lorcana/SHM/195-204-en-5_1468x2048.webp,SHM,195,SSK,SSK-195
59,Lorcana Sapphire Steel Items analysis _ inkDecks.com.html,1,/img/cards/lorcana/TFC/172-204-en-1_1468x2048.webp,TFC,172,TFC,TFC-172
60,Lorcana Sapphire Steel Items analysis _ inkDecks.com.html,1,/img/cards/lorcana/ROTF/174-204-en-2_1468x2048.webp,ROTF,174,ROF,ROF-174
61,Lorcana Amber Steel Dwarf's Mine analysis _ inkDecks.com.html,4,/img/cards/lorcana/ROTF/3-204-en-2_1468x2048.webp,ROTF,3,ROF,ROF-003
62,Lorcana Amber Steel Dwarf's Mine analysis _ inkDecks.com.html,4,/img/cards/lorcana/ITI/184-204-en-3_1468x2048.webp,ITI,184,INK,INK-184
63,Lorcana Amber Steel Dwarf's Mine analysis _ inkDecks.com.html,4,/img/cards/lorcana/SHM/195-204-en-5_1468x2048.webp,SHM,195,SSK,SSK-195
64,Lorcana Amber Steel Dwarf's Mine analysis _ inkDecks.com.html,4,/img/cards/lorcana/TFC/4-c1-en-1_1468x2048.webp,TFC,4,TFC,TFC-004
65,Lorcana Amber Steel Dwarf's Mine analysis _ inkDecks.com.html,4,/img/cards/lorcana/ROTF/201-204-en-2_1468x2048.webp,ROTF,201,ROF,ROF-201
66,Lorcana Amber Steel Dwarf's Mine analysis _ inkDecks.com.html,4,/img/cards/lorcana/ROTF/199-204-en-2_1468x2048.webp,ROTF,199,ROF,ROF-199
67,Lorcana Amber Steel Dwarf's Mine analysis _ inkDecks.com.html,4,/img/cards/lorcana/SHM/16-204-en-5_1468x2048.webp,SHM,16,SSK,SSK-016
68,Lorcana Amber Steel Dwarf's Mine analysis _ inkDecks.com.html,4,/img/cards/lorcana/ROTF/186-204-en-2_1468x2048.webp,ROTF,186,ROF,ROF-186
69,Lorcana Amber Steel Dwarf's Mine analysis _ inkDecks.com.html,4,/img/cards/lorcana/SHM/193-204-en-5_1468x2048.webp,SHM,193,SSK,SSK-193
70,Lorcana Amber Steel Dwarf's Mine analysis _ inkDecks.com.html,4,/img/cards/lorcana/SHM/204-204-en-5_1468x2048.webp,SHM,204,SSK,SSK-204
71,Lorcana Amber Steel Dwarf's Mine analysis _ inkDecks.com.html,4,/img/cards/lorcana/SEA/2-204-en-6_1468x2048.webp,SEA,2,AZS,AZS-002
72,Lorcana Amber Steel Dwarf's Mine analysis _ inkDecks.com.html,4,/img/cards/lorcana/SEA/191-204-en-6_1468x2048.webp,SEA,191,AZS,AZS-191
73,Lorcana Amber Steel Dwarf's Mine analysis _ inkDecks.com.html,4,/img/cards/lorcana/ITI/223-204-en-3_1468x2048.webp,ITI,016,INK,INK-016
74,Lorcana Amber Steel Dwarf's Mine analysis _ inkDecks.com.html,3,/img/cards/lorcana/SHM/191-204-en-5_1468x2048.webp,SHM,191,SSK,SSK-191
75,Lorcana Amber Steel Dwarf's Mine analysis _ inkDecks.com.html,2,/img/cards/lorcana/SEA/186-204-en-6_1468x2048.webp,SEA,186,AZS,AZS-186
76,Lorcana Amber Steel Dwarf's Mine analysis _ inkDecks.com.html,2,/img/cards/lorcana/ITI/7-204-en-3_1468x2048.webp,ITI,7,INK,INK-007
77,Lorcana Amber Steel Dwarf's Mine analysis _ inkDecks.com.html,1,/img/cards/lorcana/SEA/181-204-en-6_1468x2048.webp,SEA,181,AZS,AZS-181
78,Lorcana Amber Steel Dwarf's Mine analysis _ inkDecks.com.html,1,/img/cards/lorcana/SHM/23-204-en-5_1468x2048.webp,SHM,23,SSK,SSK-023
79,Lorcana Amber Steel Dwarf's Mine analysis _ inkDecks.com.html,1,/img/cards/lorcana/URSU/178-204-en-4_1468x2048.webp,URSU,178,URS,URS-178
80,Lorcana Amber Steel Dwarf's Mine analysis _ inkDecks.com.html,1,/img/cards/lorcana/SEA/189-204-en-6_1468x2048.webp,SEA,189,AZS,AZS-189
81,Lorcana Amber Steel Steelsong analysis _ inkDecks.com.html,4,/img/cards/lorcana/TFC/2-204-en-1_1468x2048.webp,TFC,2,TFC,TFC-002
82,Lorcana Amber Steel Steelsong analysis _ inkDecks.com.html,4,/img/cards/lorcana/TFC/195-204-en-1_1468x2048.webp,TFC,195,TFC,TFC-195
83,Lorcana Amber Steel Steelsong analysis _ inkDecks.com.html,4,/img/cards/lorcana/ROTF/3-204-en-2_1468x2048.webp,ROTF,3,ROF,ROF-003
84,Lorcana Amber Steel Steelsong analysis _ inkDecks.com.html,4,/img/cards/lorcana/ROTF/199-204-en-2_1468x2048.webp,ROTF,199,ROF,ROF-199
85,Lorcana Amber Steel Steelsong analysis _ inkDecks.com.html,4,/img/cards/lorcana/ROTF/201-204-en-2_1468x2048.webp,ROTF,201,ROF,ROF-201
86,Lorcana Amber Steel Steelsong analysis _ inkDecks.com.html,4,/img/cards/lorcana/TFC/4-c1-en-1_1468x2048.webp,TFC,4,TFC,TFC-004
87,Lorcana Amber Steel Steelsong analysis _ inkDecks.com.html,3,/img/cards/lorcana/ITI/221-204-en-3_1468x2048.webp,ITI,190,INK,INK-190
88,Lorcana Amber Steel Steelsong analysis _ inkDecks.com.html,3,/img/cards/lorcana/ITI/189-204-en-3_1468x2048.webp,ITI,189,INK,INK-189
89,Lorcana Amber Steel Steelsong analysis _ inkDecks.com.html,3,/img/cards/lorcana/ITI/184-204-en-3_1468x2048.webp,ITI,184,INK,INK-184
90,Lorcana Amber Steel Steelsong analysis _ inkDecks.com.html,3,/img/cards/lorcana/ITI/222-204-en-3_1468x2048.webp,ITI,195,INK,INK-195
91,Lorcana Amber Steel Steelsong analysis _ inkDecks.com.html,2,/img/cards/lorcana/TFC/198-204-en-1_1468x2048.webp,TFC,198,TFC,TFC-198
92,Lorcana Amber Steel Steelsong analysis _ inkDecks.com.html,2,/img/cards/lorcana/ROTF/3-c1-en-2_1468x2048.webp,ROTF,3,ROF,ROF-003
93,Lorcana Amber Steel Steelsong analysis _ inkDecks.com.html,2,/img/cards/lorcana/ROTF/27-204-en-2_1468x2048.webp,ROTF,27,ROF,ROF-027
94,Lorcana Amber Steel Steelsong analysis _ inkDecks.com.html,2,/img/cards/lorcana/ROTF/26-204-en-2_1468x2048.webp,ROTF,26,ROF,ROF-026
95,Lorcana Amber Steel Steelsong analysis _ inkDecks.com.html,2,/img/cards/lorcana/ITI/28-204-en-3_1468x2048.webp,ITI,28,INK,INK-028
96,Lorcana Amber Steel Steelsong analysis _ inkDecks.com.html,2,/img/cards/lorcana/SHM/195-204-en-5_1468x2048.webp,SHM,195,SSK,SSK-195
97,Lorcana Amber Steel Steelsong analysis _ inkDecks.com.html,2,/img/cards/lorcana/URSU/25-204-en-4_1468x2048.webp,URSU,25,URS,URS-025
98,Lorcana Amber Steel Steelsong analysis _ inkDecks.com.html,2,/img/cards/lorcana/ROTF/34-204-en-2_1468x2048.webp,ROTF,34,ROF,ROF-034
99,Lorcana Amber Steel Steelsong analysis _ inkDecks.com.html,2,/img/cards/lorcana/TFC/216-204-en-1_1468x2048.webp,TFC,193,TFC,TFC-193
100,Lorcana Amber Steel Steelsong analysis _ inkDecks.com.html,2,/img/cards/lorcana/SHM/3-204-en-5_1468x2048.webp,SHM,3,SSK,SSK-003
101,Lorcana Amber Steel Steelsong analysis _ inkDecks.com.html,1,/img/cards/lorcana/ITI/223-204-en-3_1468x2048.webp,ITI,016,INK,INK-016
102,Lorcana Amber Steel Steelsong analysis _ inkDecks.com.html,1,/img/cards/lorcana/ROTF/186-204-en-2_1468x2048.webp,ROTF,186,ROF,ROF-186
103,Lorcana Amber Steel Steelsong analysis _ inkDecks.com.html,1,/img/cards/lorcana/ROTF/174-204-en-2_1468x2048.webp,ROTF,174,ROF,ROF-174
104,Lorcana Amber Steel Steelsong analysis _ inkDecks.com.html,1,/img/cards/lorcana/SHM/16-204-en-5_1468x2048.webp,SHM,16,SSK,SSK-016
105,Lorcana Amber Steel Steelsong analysis _ inkDecks.com.html,1,/img/cards/lorcana/ROTF/31-204-en-2_1468x2048.webp,ROTF,31,ROF,ROF-031
106,Lorcana Amber Steel Steelsong analysis _ inkDecks.com.html,1,/img/cards/lorcana/ROTF/173-204-en-2_1468x2048.webp,ROTF,173,ROF,ROF-173
107,Lorcana Amethyst Steel Aggro analysis _ inkDecks.com.html,4,/img/cards/lorcana/ROTF/51-204-en-2_1468x2048.webp,ROTF,51,ROF,ROF-051
108,Lorcana Amethyst Steel Aggro analysis _ inkDecks.com.html,4,/img/cards/lorcana/ROTF/46-204-en-2_1468x2048.webp,ROTF,46,ROF,ROF-046
109,Lorcana Amethyst Steel Aggro analysis _ inkDecks.com.html,4,/img/cards/lorcana/ITI/184-204-en-3_1468x2048.webp,ITI,184,INK,INK-184
110,Lorcana Amethyst Steel Aggro analysis _ inkDecks.com.html,4,/img/cards/lorcana/ITI/36-204-en-3_1468x2048.webp,ITI,36,INK,INK-036
111,Lorcana Amethyst Steel Aggro analysis _ inkDecks.com.html,4,/img/cards/lorcana/SEA/49-204-en-6_1468x2048.webp,SEA,49,AZS,AZS-049
112,Lorcana Amethyst Steel Aggro analysis _ inkDecks.com.html,4,/img/cards/lorcana/SHM/195-204-en-5_1468x2048.webp,SHM,195,SSK,SSK-195
113,Lorcana Amethyst Steel Aggro analysis _ inkDecks.com.html,4,/img/cards/lorcana/ROTF/49-204-en-2_1468x2048.webp,ROTF,49,ROF,ROF-049
114,Lorcana Amethyst Steel Aggro analysis _ inkDecks.com.html,4,/img/cards/lorcana/SEA/53-204-en-6_1468x2048.webp,SEA,53,AZS,AZS-053
115,Lorcana Amethyst Steel Aggro analysis _ inkDecks.com.html,3,/img/cards/lorcana/SEA/191-204-en-6_1468x2048.webp,SEA,191,AZS,AZS-191
116,Lorcana Amethyst Steel Aggro analysis _ inkDecks.com.html,3,/img/cards/lorcana/SHM/48-204-en-5_1468x2048.webp,SHM,48,SSK,SSK-048
117,Lorcana Amethyst Steel Aggro analysis _ inkDecks.com.html,3,/img/cards/lorcana/ROTF/201-204-en-2_1468x2048.webp,ROTF,201,ROF,ROF-201
118,Lorcana Amethyst Steel Aggro analysis _ inkDecks.com.html,3,/img/cards/lorcana/ROTF/50-204-en-2_1468x2048.webp,ROTF,50,ROF,ROF-050
119,Lorcana Amethyst Steel Aggro analysis _ inkDecks.com.html,3,/img/cards/lorcana/URSU/48-204-en-4_1468x2048.webp,URSU,48,URS,URS-048
120,Lorcana Amethyst Steel Aggro analysis _ inkDecks.com.html,3,/img/cards/lorcana/ROTF/52-204-en-2_1468x2048.webp,ROTF,52,ROF,ROF-052
121,Lorcana Amethyst Steel Aggro analysis _ inkDecks.com.html,2,/img/cards/lorcana/SEA/40-204-en-6_1468x2048.webp,SEA,40,AZS,AZS-040
122,Lorcana Amethyst Steel Aggro analysis _ inkDecks.com.html,2,/img/cards/lorcana/ITI/222-204-en-3_1468x2048.webp,ITI,195,INK,INK-195
123,Lorcana Amethyst Steel Aggro analysis _ inkDecks.com.html,2,/img/cards/lorcana/ROTF/186-204-en-2_1468x2048.webp,ROTF,186,ROF,ROF-186
124,Lorcana Amethyst Steel Aggro analysis _ inkDecks.com.html,2,/img/cards/lorcana/SHM/193-204-en-5_1468x2048.webp,SHM,193,SSK,SSK-193
125,Lorcana Amethyst Steel Aggro analysis _ inkDecks.com.html,2,/img/cards/lorcana/SHM/68-204-en-5_1468x2048.webp,SHM,68,SSK,SSK-068
126,Lorcana Amethyst Steel Aggro analysis _ inkDecks.com.html,2,/img/cards/lorcana/TFC/197-204-en-1_1468x2048.webp,TFC,197,TFC,TFC-197
127,Lorcana Amethyst Steel Aggro analysis _ inkDecks.com.html,2,/img/cards/lorcana/TFC/64-204-en-1_1468x2048.webp,TFC,64,TFC,TFC-064
128,Lorcana Amethyst Steel Aggro analysis _ inkDecks.com.html,1,/img/cards/lorcana/URSU/36-204-en-4_1468x2048.webp,URSU,36,URS,URS-036
129,Lorcana Amethyst Steel Aggro analysis _ inkDecks.com.html,1,/img/cards/lorcana/TFC/48-204-en-1_1468x2048.webp,TFC,48,TFC,TFC-048
130,Lorcana Amethyst Steel Aggro analysis _ inkDecks.com.html,1,/img/cards/lorcana/TFC/216-204-en-1_1468x2048.webp,TFC,193,TFC,TFC-193
131,Lorcana Emerald Steel Discard analysis _ inkDecks.com.html,4,/img/cards/lorcana/TFC/98-204-en-1_1468x2048.webp,TFC,98,TFC,TFC-098
132,Lorcana Emerald Steel Discard analysis _ inkDecks.com.html,4,/img/cards/lorcana/ROTF/199-204-en-2_1468x2048.webp,ROTF,199,ROF,ROF-199
133,Lorcana Emerald Steel Discard analysis _ inkDecks.com.html,4,/img/cards/lorcana/ITI/91-204-en-3_1468x2048.webp,ITI,91,INK,INK-091
134,Lorcana Emerald Steel Discard analysis _ inkDecks.com.html,4,/img/cards/lorcana/ITI/90-204-en-3_1468x2048.webp,ITI,90,INK,INK-090
135,Lorcana Emerald Steel Discard analysis _ inkDecks.com.html,4,/img/cards/lorcana/ROTF/89-204-en-2_1468x2048.webp,ROTF,89,ROF,ROF-089
136,Lorcana Emerald Steel Discard analysis _ inkDecks.com.html,4,/img/cards/lorcana/ROTF/201-204-en-2_1468x2048.webp,ROTF,201,ROF,ROF-201
137,Lorcana Emerald Steel Discard analysis _ inkDecks.com.html,4,/img/cards/lorcana/ROTF/173-204-en-2_1468x2048.webp,ROTF,173,ROF,ROF-173
138,Lorcana Emerald Steel Discard analysis _ inkDecks.com.html,3,/img/cards/lorcana/URSU/71-204-en-4_1468x2048.webp,URSU,71,URS,URS-071
139,Lorcana Emerald Steel Discard analysis _ inkDecks.com.html,3,/img/cards/lorcana/URSU/70-204-en-4_1468x2048.webp,URSU,70,URS,URS-070
140,Lorcana Emerald Steel Discard analysis _ inkDecks.com.html,3,/img/cards/lorcana/ROTF/98-204-en-2_1468x2048.webp,ROTF,98,ROF,ROF-098
141,Lorcana Emerald Steel Discard analysis _ inkDecks.com.html,3,/img/cards/lorcana/SHM/195-204-en-5_1468x2048.webp,SHM,195,SSK,SSK-195
142,Lorcana Emerald Steel Discard analysis _ inkDecks.com.html,3,/img/cards/lorcana/URSU/97-204-en-4_1468x2048.webp,URSU,97,URS,URS-097
143,Lorcana Emerald Steel Discard analysis _ inkDecks.com.html,3,/img/cards/lorcana/ITI/81-204-en-3_1468x2048.webp,ITI,81,INK,INK-081
144,Lorcana Emerald Steel Discard analysis _ inkDecks.com.html,2,/img/cards/lorcana/TFC/216-204-en-1_1468x2048.webp,TFC,193,TFC,TFC-193
145,Lorcana Emerald Steel Discard analysis _ inkDecks.com.html,2,/img/cards/lorcana/URSU/101-204-en-4_1468x2048.webp,URSU,101,URS,URS-101
146,Lorcana Emerald Steel Discard analysis _ inkDecks.com.html,2,/img/cards/lorcana/ITI/70-204-en-3_1468x2048.webp,ITI,70,INK,INK-070
147,Lorcana Emerald Steel Discard analysis _ inkDecks.com.html,2,/img/cards/lorcana/URSU/90-204-en-4_1468x2048.webp,URSU,90,URS,URS-090
148,Lorcana Emerald Steel Discard analysis _ inkDecks.com.html,2,/img/cards/lorcana/ITI/184-204-en-3_1468x2048.webp,ITI,184,INK,INK-184
149,Lorcana Emerald Steel Discard analysis _ inkDecks.com.html,2,/img/cards/lorcana/TFC/74-204-en-1_1468x2048.webp,TFC,74,TFC,TFC-074
150,Lorcana Emerald Steel Discard analysis _ inkDecks.com.html,1,/img/cards/lorcana/SHM/85-204-en-5_1468x2048.webp,SHM,85,SSK,SSK-085
151,Lorcana Emerald Steel Discard analysis _ inkDecks.com.html,1,/img/cards/lorcana/ITI/73-204-en-3_1468x2048.webp,ITI,73,INK,INK-073
152,Lorcana Emerald Steel Discard analysis _ inkDecks.com.html,1,/img/cards/lorcana/ROTF/174-204-en-2_1468x2048.webp,ROTF,174,ROF,ROF-174
153,Lorcana Emerald Steel Discard analysis _ inkDecks.com.html,1,/img/cards/lorcana/ITI/196-204-en-3_1468x2048.webp,ITI,196,INK,INK-196
154,Lorcana Emerald Steel Discard analysis _ inkDecks.com.html,1,/img/cards/lorcana/ITI/222-204-en-3_1468x2048.webp,ITI,195,INK,INK-195
155,Lorcana Amethyst Ruby Bounce Control analysis _ inkDecks.com.html,4,/img/cards/lorcana/ROTF/46-204-en-2_1468x2048.webp,ROTF,46,ROF,ROF-046
156,Lorcana Amethyst Ruby Bounce Control analysis _ inkDecks.com.html,4,/img/cards/lorcana/TFC/64-204-en-1_1468x2048.webp,TFC,64,TFC,TFC-064
157,Lorcana Amethyst Ruby Bounce Control analysis _ inkDecks.com.html,4,/img/cards/lorcana/ROTF/51-204-en-2_1468x2048.webp,ROTF,51,ROF,ROF-051
158,Lorcana Amethyst Ruby Bounce Control analysis _ inkDecks.com.html,4,/img/cards/lorcana/ROTF/49-204-en-2_1468x2048.webp,ROTF,49,ROF,ROF-049
159,Lorcana Amethyst Ruby Bounce Control analysis _ inkDecks.com.html,4,/img/cards/lorcana/ROTF/52-204-en-2_1468x2048.webp,ROTF,52,ROF,ROF-052
160,Lorcana Amethyst Ruby Bounce Control analysis _ inkDecks.com.html,4,/img/cards/lorcana/TFC/128-204-en-1_1468x2048.webp,TFC,128,TFC,TFC-128
161,Lorcana Amethyst Ruby Bounce Control analysis _ inkDecks.com.html,4,/img/cards/lorcana/TFC/212-204-en-1_1468x2048.webp,TFC,114,TFC,TFC-114
162,Lorcana Amethyst Ruby Bounce Control analysis _ inkDecks.com.html,3,/img/cards/lorcana/ITI/67-204-en-3_1468x2048.webp,ITI,67,INK,INK-067
163,Lorcana Amethyst Ruby Bounce Control analysis _ inkDecks.com.html,2,/img/cards/lorcana/ITI/36-204-en-3_1468x2048.webp,ITI,36,INK,INK-036
164,Lorcana Amethyst Ruby Bounce Control analysis _ inkDecks.com.html,2,/img/cards/lorcana/ROTF/211-204-en-2_1468x2048.webp,ROTF,110,ROF,ROF-110
165,Lorcana Amethyst Ruby Bounce Control analysis _ inkDecks.com.html,2,/img/cards/lorcana/TFC/49-204-en-1_1468x2048.webp,TFC,49,TFC,TFC-049
166,Lorcana Amethyst Ruby Bounce Control analysis _ inkDecks.com.html,2,/img/cards/lorcana/ITI/112-204-en-3_1468x2048.webp,ITI,112,INK,INK-112
167,Lorcana Amethyst Ruby Bounce Control analysis _ inkDecks.com.html,2,/img/cards/lorcana/URSU/130-204-en-4_1468x2048.webp,URSU,130,URS,URS-130
168,Lorcana Amethyst Ruby Bounce Control analysis _ inkDecks.com.html,2,/img/cards/lorcana/ROTF/50-204-en-2_1468x2048.webp,ROTF,50,ROF,ROF-050
169,Lorcana Amethyst Ruby Bounce Control analysis _ inkDecks.com.html,2,/img/cards/lorcana/URSU/124-204-en-4_1468x2048.webp,URSU,124,URS,URS-124
170,Lorcana Amethyst Ruby Bounce Control analysis _ inkDecks.com.html,2,/img/cards/lorcana/URSU/106-204-en-4_1468x2048.webp,URSU,106,URS,URS-106
171,Lorcana Amethyst Ruby Bounce Control analysis _ inkDecks.com.html,2,/img/cards/lorcana/ROTF/113-204-en-2_1468x2048.webp,ROTF,113,ROF,ROF-113
172,Lorcana Amethyst Ruby Bounce Control analysis _ inkDecks.com.html,2,/img/cards/lorcana/TFC/52-204-en-1_1468x2048.webp,TFC,52,TFC,TFC-052
173,Lorcana Amethyst Ruby Bounce Control analysis _ inkDecks.com.html,2,/img/cards/lorcana/ROTF/45-204-en-2_1468x2048.webp,ROTF,45,ROF,ROF-045
174,Lorcana Amethyst Ruby Bounce Control analysis _ inkDecks.com.html,2,/img/cards/lorcana/TFC/116-204-en-1_1468x2048.webp,TFC,116,TFC,TFC-116
175,Lorcana Amethyst Ruby Bounce Control analysis _ inkDecks.com.html,2,/img/cards/lorcana/ITI/54-204-en-3_1468x2048.webp,ITI,54,INK,INK-054
176,Lorcana Amethyst Ruby Bounce Control analysis _ inkDecks.com.html,2,/img/cards/lorcana/URSU/48-204-en-4_1468x2048.webp,URSU,48,URS,URS-048
177,Lorcana Amethyst Ruby Bounce Control analysis _ inkDecks.com.html,2,/img/cards/lorcana/ROTF/130-204-en-2_1468x2048.webp,ROTF,130,ROF,ROF-130
178,Lorcana Amethyst Ruby Bounce Control analysis _ inkDecks.com.html,1,/img/cards/lorcana/TFC/5-p1-en-1_1468x2048.webp,TFC,5,TFC,TFC-005
179,Lorcana Amethyst Ruby Bounce Control analysis _ inkDecks.com.html,1,/img/cards/lorcana/SHM/48-204-en-5_1468x2048.webp,SHM,48,SSK,SSK-048
180,Lorcana Amethyst Ruby Bounce Control analysis _ inkDecks.com.html,1,/img/cards/lorcana/ROTF/58-204-en-2_1468x2048.webp,ROTF,58,ROF,ROF-058
181,Lorcana Amethyst Ruby Bounce Control analysis _ inkDecks.com.html,1,/img/cards/lorcana/ROTF/68-204-en-2_1468x2048.webp,ROTF,68,ROF,ROF-068
182,Lorcana Amethyst Ruby Bounce Control analysis _ inkDecks.com.html,1,/img/cards/lorcana/URSU/215-204-en-4_1468x2048.webp,URSU,125,URS,URS-125
183,Lorcana Amethyst Sapphire Bounce analysis _ inkDecks.com.html,4,/img/cards/lorcana/ROTF/46-204-en-2_1468x2048.webp,ROTF,46,ROF,ROF-046
184,Lorcana Amethyst Sapphire Bounce analysis _ inkDecks.com.html,4,/img/cards/lorcana/ROTF/49-204-en-2_1468x2048.webp,ROTF,49,ROF,ROF-049
185,Lorcana Amethyst Sapphire Bounce analysis _ inkDecks.com.html,4,/img/cards/lorcana/TFC/64-204-en-1_1468x2048.webp,TFC,64,TFC,TFC-064
186,Lorcana Amethyst Sapphire Bounce analysis _ inkDecks.com.html,4,/img/cards/lorcana/ROTF/51-204-en-2_1468x2048.webp,ROTF,51,ROF,ROF-051
187,Lorcana Amethyst Sapphire Bounce analysis _ inkDecks.com.html,4,/img/cards/lorcana/ITI/36-204-en-3_1468x2048.webp,ITI,36,INK,INK-036
188,Lorcana Amethyst Sapphire Bounce analysis _ inkDecks.com.html,4,/img/cards/lorcana/ROTF/50-204-en-2_1468x2048.webp,ROTF,50,ROF,ROF-050
189,Lorcana Amethyst Sapphire Bounce analysis _ inkDecks.com.html,4,/img/cards/lorcana/ROTF/52-204-en-2_1468x2048.webp,ROTF,52,ROF,ROF-052
190,Lorcana Amethyst Sapphire Bounce analysis _ inkDecks.com.html,3,/img/cards/lorcana/SHM/157-204-en-5_1468x2048.webp,SHM,157,SSK,SSK-157
191,Lorcana Amethyst Sapphire Bounce analysis _ inkDecks.com.html,3,/img/cards/lorcana/SHM/48-204-en-5_1468x2048.webp,SHM,48,SSK,SSK-048
192,Lorcana Amethyst Sapphire Bounce analysis _ inkDecks.com.html,3,/img/cards/lorcana/TFC/42-204-en-1_1468x2048.webp,TFC,42,TFC,TFC-042
193,Lorcana Amethyst Sapphire Bounce analysis _ inkDecks.com.html,3,/img/cards/lorcana/SEA/163-204-en-6_1468x2048.webp,SEA,163,AZS,AZS-163
194,Lorcana Amethyst Sapphire Bounce analysis _ inkDecks.com.html,3,/img/cards/lorcana/SEA/53-204-en-6_1468x2048.webp,SEA,53,AZS,AZS-053
195,Lorcana Amethyst Sapphire Bounce analysis _ inkDecks.com.html,2,/img/cards/lorcana/TFC/147-204-en-1_1468x2048.webp,TFC,147,TFC,TFC-147
196,Lorcana Amethyst Sapphire Bounce analysis _ inkDecks.com.html,2,/img/cards/lorcana/SEA/49-204-en-6_1468x2048.webp,SEA,49,AZS,AZS-049
197,Lorcana Amethyst Sapphire Bounce analysis _ inkDecks.com.html,2,/img/cards/lorcana/URSU/48-204-en-4_1468x2048.webp,URSU,48,URS,URS-048
198,Lorcana Amethyst Sapphire Bounce analysis _ inkDecks.com.html,2,/img/cards/lorcana/URSU/36-204-en-4_1468x2048.webp,URSU,36,URS,URS-036
199,Lorcana Amethyst Sapphire Bounce analysis _ inkDecks.com.html,2,/img/cards/lorcana/TFC/8-p1-en-1_1468x2048.webp,TFC,8,TFC,TFC-008
200,Lorcana Amethyst Sapphire Bounce analysis _ inkDecks.com.html,2,/img/cards/lorcana/ITI/54-204-en-3_1468x2048.webp,ITI,54,INK,INK-054
201,Lorcana Amethyst Sapphire Bounce analysis _ inkDecks.com.html,2,/img/cards/lorcana/ITI/169-204-en-3_1468x2048.webp,ITI,169,INK,INK-169
202,Lorcana Amethyst Sapphire Bounce analysis _ inkDecks.com.html,1,/img/cards/lorcana/ROTF/60-204-en-2_1468x2048.webp,ROTF,60,ROF,ROF-060
203,Lorcana Amethyst Sapphire Bounce analysis _ inkDecks.com.html,1,/img/cards/lorcana/ROTF/142-204-en-2_1468x2048.webp,ROTF,142,ROF,ROF-142
204,Lorcana Amethyst Sapphire Bounce analysis _ inkDecks.com.html,1,/img/cards/lorcana/SHM/68-204-en-5_1468x2048.webp,SHM,68,SSK,SSK-068
205,Lorcana Amethyst Sapphire Bounce analysis _ inkDecks.com.html,1,/img/cards/lorcana/TFC/2-c1-en-1_1468x2048.webp,TFC,2,TFC,TFC-002
206,Lorcana Amethyst Sapphire Bounce analysis _ inkDecks.com.html,1,/img/cards/lorcana/SHM/155-204-en-5_1468x2048.webp,SHM,155,SSK,SSK-155
207,Lorcana Amethyst Sapphire Bounce analysis _ inkDecks.com.html,1,/img/cards/lorcana/SHM/60-204-en-5_1468x2048.webp,SHM,60,SSK,SSK-060
208,Lorcana Ruby Sapphire Pawpsicles analysis _ inkDecks.com.html,4,/img/cards/lorcana/ROTF/169-204-en-2_1468x2048.webp,ROTF,169,ROF,ROF-169
209,Lorcana Ruby Sapphire Pawpsicles analysis _ inkDecks.com.html,4,/img/cards/lorcana/ROTF/149-204-en-2_1468x2048.webp,ROTF,149,ROF,ROF-149
210,Lorcana Ruby Sapphire Pawpsicles analysis _ inkDecks.com.html,4,/img/cards/lorcana/TFC/159-204-en-1_1468x2048.webp,TFC,159,TFC,TFC-159
211,Lorcana Ruby Sapphire Pawpsicles analysis _ inkDecks.com.html,4,/img/cards/lorcana/TFC/212-204-en-1_1468x2048.webp,TFC,114,TFC,TFC-114
212,Lorcana Ruby Sapphire Pawpsicles analysis _ inkDecks.com.html,4,/img/cards/lorcana/TFC/5-p1-en-1_1468x2048.webp,TFC,5,TFC,TFC-005
213,Lorcana Ruby Sapphire Pawpsicles analysis _ inkDecks.com.html,3,/img/cards/lorcana/ITI/142-204-en-3_1468x2048.webp,ITI,142,INK,INK-142
214,Lorcana Ruby Sapphire Pawpsicles analysis _ inkDecks.com.html,3,/img/cards/lorcana/TFC/128-204-en-1_1468x2048.webp,TFC,128,TFC,TFC-128
215,Lorcana Ruby Sapphire Pawpsicles analysis _ inkDecks.com.html,3,/img/cards/lorcana/TFC/168-204-en-1_1468x2048.webp,TFC,168,TFC,TFC-168
216,Lorcana Ruby Sapphire Pawpsicles analysis _ inkDecks.com.html,3,/img/cards/lorcana/URSU/130-204-en-4_1468x2048.webp,URSU,130,URS,URS-130
217,Lorcana Ruby Sapphire Pawpsicles analysis _ inkDecks.com.html,3,/img/cards/lorcana/ITI/112-204-en-3_1468x2048.webp,ITI,112,INK,INK-112
218,Lorcana Ruby Sapphire Pawpsicles analysis _ inkDecks.com.html,2,/img/cards/lorcana/ITI/28-p1-en-3_1468x2048.webp,ITI,28,INK,INK-028
219,Lorcana Ruby Sapphire Pawpsicles analysis _ inkDecks.com.html,2,/img/cards/lorcana/TFC/164-204-en-1_1468x2048.webp,TFC,164,TFC,TFC-164
220,Lorcana Ruby Sapphire Pawpsicles analysis _ inkDecks.com.html,2,/img/cards/lorcana/URSU/215-204-en-4_1468x2048.webp,URSU,125,URS,URS-125
221,Lorcana Ruby Sapphire Pawpsicles analysis _ inkDecks.com.html,2,/img/cards/lorcana/TFC/161-204-en-1_1468x2048.webp,TFC,161,TFC,TFC-161
222,Lorcana Ruby Sapphire Pawpsicles analysis _ inkDecks.com.html,2,/img/cards/lorcana/SHM/157-204-en-5_1468x2048.webp,SHM,157,SSK,SSK-157
223,Lorcana Ruby Sapphire Pawpsicles analysis _ inkDecks.com.html,2,/img/cards/lorcana/SHM/160-204-en-5_1468x2048.webp,SHM,160,SSK,SSK-160
224,Lorcana Ruby Sapphire Pawpsicles analysis _ inkDecks.com.html,2,/img/cards/lorcana/URSU/168-204-en-4_1468x2048.webp,URSU,168,URS,URS-168
225,Lorcana Ruby Sapphire Pawpsicles analysis _ inkDecks.com.html,2,/img/cards/lorcana/ITI/165-204-en-3_1468x2048.webp,ITI,165,INK,INK-165
226,Lorcana Ruby Sapphire Pawpsicles analysis _ inkDecks.com.html,2,/img/cards/lorcana/URSU/123-204-en-4_1468x2048.webp,URSU,123,URS,URS-123
227,Lorcana Ruby Sapphire Pawpsicles analysis _ inkDecks.com.html,2,/img/cards/lorcana/ROTF/119-204-en-2_1468x2048.webp,ROTF,119,ROF,ROF-119
228,Lorcana Ruby Sapphire Pawpsicles analysis _ inkDecks.com.html,1,/img/cards/lorcana/SEA/163-204-en-6_1468x2048.webp,SEA,163,AZS,AZS-163
229,Lorcana Ruby Sapphire Pawpsicles analysis _ inkDecks.com.html,1,/img/cards/lorcana/ITI/169-204-en-3_1468x2048.webp,ITI,169,INK,INK-169
230,Lorcana Ruby Sapphire Pawpsicles analysis _ inkDecks.com.html,1,/img/cards/lorcana/SEA/124-204-en-6_1468x2048.webp,SEA,124,AZS,AZS-124
231,Lorcana Ruby Sapphire Pawpsicles analysis _ inkDecks.com.html,1,/img/cards/lorcana/ROTF/147-204-en-2_1468x2048.webp,ROTF,147,ROF,ROF-147
232,Lorcana Ruby Sapphire Pawpsicles analysis _ inkDecks.com.html,1,/img/cards/lorcana/ROTF/211-204-en-2_1468x2048.webp,ROTF,110,ROF,ROF-110
233,Lorcana Ruby Sapphire Pawpsicles analysis _ inkDecks.com.html,1,/img/cards/lorcana/URSU/134-204-en-4_1468x2048.webp,URSU,134,URS,URS-134
234,Lorcana Ruby Sapphire Pawpsicles analysis _ inkDecks.com.html,1,/img/cards/lorcana/ROTF/125-204-en-2_1468x2048.webp,ROTF,125,ROF,ROF-125
235,Lorcana Ruby Sapphire Pawpsicles analysis _ inkDecks.com.html,1,/img/cards/lorcana/ROTF/152-204-en-2_1468x2048.webp,ROTF,152,ROF,ROF-152
236,Lorcana Ruby Sapphire Pawpsicles analysis _ inkDecks.com.html,1,/img/cards/lorcana/SHM/163-204-en-5_1468x2048.webp,SHM,163,SSK,SSK-163
237,Lorcana Ruby Sapphire Pawpsicles analysis _ inkDecks.com.html,1,/img/cards/lorcana/TFC/2-c1-en-1_1468x2048.webp,TFC,2,TFC,TFC-002
238,Lorcana Ruby Sapphire Pawpsicles analysis _ inkDecks.com.html,1,/img/cards/lorcana/URSU/128-204-en-4_1468x2048.webp,URSU,128,URS,URS-128
239,Lorcana Ruby Sapphire Pawpsicles analysis _ inkDecks.com.html,1,/img/cards/lorcana/ITI/132-204-en-3_1468x2048.webp,ITI,132,INK,INK-132
240,Lorcana Ruby Sapphire Pawpsicles analysis _ inkDecks.com.html,1,/img/cards/lorcana/URSU/167-204-en-4_1468x2048.webp,URSU,167,URS,URS-167
